ResNum,ResName,Phi (°),Psi (°),Omega (°)
274,GLY,,-152.56006856304103,-179.55381552809214
275,SER,-77.00979325175278,120.41130143500573,-179.43707958295334
276,HIS,-63.16212538189118,-34.28083427081642,-178.1586485459735
277,MET,-62.403710145687924,-25.473355542491074,-179.7994796944708
278,SER,-61.16117962204166,-34.51950195215494,-179.94495889078502
279,THR,-64.18579227193058,-29.261775767015127,-175.14556310965853
280,ILE,-64.62053884359189,-34.941645681893114,-173.83765787312365
281,THR,-68.89317083972435,-35.27029116954904,-174.27981346603505
282,ARG,-57.12411558080343,-51.26908524343744,-179.2962901838439
283,PRO,-60.81236241950278,-30.92656657620326,178.7525981098408
284,ILE,-65.2831245778358,-45.45860614960069,178.3400432428453
285,ILE,-64.14939465352106,-39.80325443449535,-179.27645456457876
286,GLU,-64.3285559490518,-44.54543019870866,-179.01286683215952
287,LEU,-65.14512414983596,-41.447864470320496,178.9852762480418
288,SER,-63.18118557641913,-45.78064556471381,-177.47035065567462
289,ASN,-62.67638184812872,-42.7727876594882,-179.76060097005185
290,THR,-64.65722046308115,-41.2866675367791,179.4883109591064
291,ALA,-61.619132454087485,-39.87995100117298,177.23087652970122
292,ASP,-62.06409371883495,-40.44580291490448,179.1010976031278
293,LYS,-59.301997682401556,-44.45788516986532,179.70374279132977
294,ILE,-62.32996451090805,-51.395378286339465,-174.53507687163284
295,ALA,-58.54434813077779,-35.79248212718226,-177.78221342095702
296,GLU,-74.25342269705999,-3.0838222107134747,178.5698807983081
297,GLY,111.16239304734746,27.487120307950565,174.74679620952463
298,ASN,-105.16079071229765,79.84895138599266,-173.3544108326008
299,LEU,-69.31717032476827,-24.017515416421404,-178.5987771026409
300,GLU,-93.8368616867154,8.36417213228105,-179.83696789596593
301,ALA,-61.63769037430834,135.37041139784807,176.45028393746995
302,GLU,-87.0482318990961,122.84484971365318,175.73611216409813
303,VAL,-76.6532593950158,136.2706136985398,-178.34801649116412
304,PRO,-91.33974955515605,171.11405329965856,176.01227855112285
305,HIS,59.75217508995481,26.51135142940924,178.759395083074
306,GLN,-65.60489551168371,-31.5029167743498,-174.58043094982511
307,ASN,-74.97231167707017,-18.22801762930043,179.12720818847646
308,ARG,-64.71497256758961,144.7922646925466,177.31989635995424
309,ALA,-106.78661577783242,-14.020645901460393,-179.65475984252595
310,ASP,-79.92898153484636,-170.9062970329743,-173.7907458684264
311,GLU,-53.492211527015314,-34.73818237342155,-178.95714412593304
312,ILE,-70.16552231602624,-41.463361547550846,179.59729539353373
313,GLY,-63.53267802252419,-36.74786042360203,179.27675849365977
314,ILE,-64.51102685032699,-43.354491282115774,178.03779616763282
315,LEU,-61.752464965799206,-40.79833666389023,176.9991752162136
316,ALA,-60.827689872468355,-41.62359253459577,-178.60345200929834
317,LYS,-61.8529491593805,-44.26529672617409,-179.32169850225793
318,SER,-62.351739527288345,-39.2127933180923,178.68320019514871
319,ILE,-64.31120568552116,-37.284565032586826,176.8620621708812
320,GLU,-62.7735054389879,-36.890727728470594,176.80447256411114
321,ARG,-61.70319528883053,-45.36552631653838,-179.78980401930275
322,LEU,-61.90028315443428,-41.786818775036444,179.2960618990834
323,ARG,-61.14632838119247,-41.838615752816104,179.56544232737104
324,ARG,-62.92143660279382,-43.70779532887789,-179.53993864036033
325,SER,-60.31979842584667,-35.84664471576519,177.33267814622494
326,LEU,-63.95531141548074,-48.37161460282968,177.87570557912804
327,LYS,-62.691882486154164,-35.801238248440605,178.71420871554838
328,VAL,-72.93546662507647,-39.46635412620059,-177.43146454965463
329,ALA,-62.7947586220059,-36.04749418277266,-178.59987103119153
330,MET,-86.03979226539781,-23.600931473670943,177.2204832445937
331,GLU,-69.6008934009027,,
274,GLY,,118.15645603730441,177.6963570145158
275,SER,-62.98675938072179,-32.58523408263974,178.22201152786806
276,HIS,-61.40847680053498,-29.77776721663069,-177.24382072125866
277,MET,-60.27009822301095,-29.421617808115865,-178.58546519853058
278,SER,-61.27355624812242,-38.66156965110974,179.7934060586521
279,THR,-67.82530695411744,-36.2675082015898,-178.72780445659964
280,ILE,-69.31781649942874,-33.48952097182299,-175.6781256411585
281,THR,-65.02597018388008,-31.37984109053012,-173.00507544281788
282,ARG,-60.50224004800729,-57.59644562747709,-175.69025937709804
283,PRO,-56.13367969738197,-28.23507158877016,177.87107321301508
284,ILE,-66.38036149506927,-41.22623990259156,176.58451529374125
285,ILE,-64.1208545584086,-36.97465570296506,-178.9405413463217
286,GLU,-64.41608856108468,-48.412570613241755,-178.9701642674412
287,LEU,-63.48772766238233,-39.88006625674737,179.53774739008034
288,SER,-63.62048968698565,-46.67649424323649,-178.39514452790627
289,ASN,-62.543994080460976,-41.66751809103716,178.92767114186964
290,THR,-63.66747680707554,-42.565016899587846,-178.74186212764633
291,ALA,-60.95981780109769,-39.786670255788636,178.69816878467597
292,ASP,-61.94435530745589,-44.16564208086733,179.7928992692632
293,LYS,-58.430217740803016,-42.72234521679436,-178.74855292039638
294,ILE,-64.57284762377353,-51.87420690082707,-172.96195196716084
295,ALA,-59.60142010982874,-34.72324657078139,-177.44055608748644
296,GLU,-75.11315939617258,-0.5236227701947911,175.87001276528022
297,GLY,110.59870940603219,26.449189282197317,175.1600179630348
298,ASN,-105.27982962359567,80.01010057572262,-177.46849173225507
299,LEU,-69.65224159904581,-14.605703116539198,179.3652493787424
300,GLU,-87.81278489459135,-11.627234323909574,-176.56631065433933
301,ALA,-58.06161424885065,126.48801073356057,177.59397383636244
302,GLU,-85.87728101415298,125.16052515575531,177.78506814563337
303,VAL,-76.98768931500507,137.5441207500689,178.30716166628963
304,PRO,-92.2394994875547,171.18058708309917,177.8962358376823
305,HIS,62.81760229486645,27.103772974982434,-177.95676963582702
306,GLN,-69.4895766944387,-36.89684842610859,-174.58890073544183
307,ASN,-83.02912212619559,-4.9068171517251775,179.52626904194784
308,ARG,-64.20107798132403,148.60002043043315,-178.7566343573623
309,ALA,-105.8968693817638,-14.440925886658373,-178.40158680584085
310,ASP,-87.09646178492386,-169.85909070125555,-176.00061964085705
311,GLU,-53.887672125022675,-32.3670568113824,-177.34280838840823
312,ILE,-73.8549480544718,-38.27195813717348,178.24217243905048
313,GLY,-63.11632129730801,-36.93940214038049,178.92942504101
314,ILE,-63.87903783027008,-46.975266019480436,179.67790422316818
315,LEU,-60.33352156864023,-38.042409062588284,177.59371131116237
316,ALA,-61.88923611985101,-43.49477893558648,-179.51207854945923
317,LYS,-61.395343433337665,-40.6050608303684,179.99666541960187
318,SER,-62.10811652740411,-42.08332934507135,178.68211831940428
319,ILE,-62.45291723651522,-38.900264463358205,177.67169593269858
320,GLU,-63.200195602484314,-42.38954860400038,-179.39515403785225
321,ARG,-60.601886990557546,-39.57919912495472,176.2339457696788
322,LEU,-63.62945963729678,-40.40914442412892,178.8294949517384
323,ARG,-59.7175825043766,-38.74571999903633,179.12701746369484
324,ARG,-63.36895784282431,-45.011484288483594,-179.15264472454342
325,SER,-61.65915414751267,-42.2615903741591,-179.09513448465455
326,LEU,-63.28456006359967,-40.670829843719865,177.80019629819256
327,LYS,-65.46398790162552,-46.65755984887476,-179.22432723836602
328,VAL,-66.9200694705493,-34.442162376881086,179.9896138016801
329,ALA,-62.545064265938734,-36.13781745594627,179.97032286956588
330,MET,-90.25720627199789,-31.07621171019588,178.30167536352224
331,GLU,-70.99505136528225,,
